,Jurisdiction of Occurrence,MMWR Year,MMWR Week,Week Ending Date,All Cause,Natural Cause,Septicemia,Malignant neoplasms,Diabetes mellitus,Alzheimer,Influenza and pneumonia,Chronic lower respiratory,Other diseases of respiratory system,"Nephritis, nephrotic syndrome and nephrosis","Symptoms, signs and abnormal clinical and laboratory findings",Diseases of heart,Cerebrovascular diseases
4,United States,2014,5,2014-01-02,54074.0,50402.0,890.0,11584.0,1586.0,1867.0,1642.0,3283.0,720.0,998.0,664.0,12896.0,2699.0
8,United States,2014,9,2014-01-03,51768.0,47907.0,779.0,11251.0,1588.0,1776.0,1228.0,3008.0,687.0,1018.0,595.0,12248.0,2630.0
43,United States,2014,44,2014-01-11,49193.0,45349.0,731.0,11467.0,1371.0,1937.0,881.0,2620.0,634.0,887.0,593.0,11261.0,2605.0
2,United States,2014,3,2014-01-18,54769.0,51043.0,919.0,11496.0,1660.0,1914.0,1920.0,3333.0,812.0,1056.0,598.0,12928.0,2714.0
3,United States,2014,4,2014-01-25,54223.0,50560.0,845.0,11629.0,1602.0,1862.0,1765.0,3467.0,753.0,1029.0,622.0,12813.0,2720.0
30,United States,2014,31,2014-02-08,47094.0,43297.0,671.0,11398.0,1349.0,1535.0,755.0,2533.0,598.0,836.0,565.0,10665.0,2326.0
6,United States,2014,7,2014-02-15,53910.0,50175.0,851.0,11477.0,1642.0,1843.0,1472.0,3303.0,739.0,1020.9999999999999,638.0,12984.0,2669.0
7,United States,2014,8,2014-02-22,52752.0,49010.0,708.0,11478.0,1564.0,1814.0,1269.0,3047.0,731.0,973.0,643.0,12577.0,2799.0
17,United States,2014,18,2014-03-05,49738.0,45864.0,730.0,11236.0,1488.0,1539.0,1020.0,2842.0,756.0,892.0,552.0,11729.0,2461.0
10,United States,2014,11,2014-03-15,51912.0,48111.0,819.0,11340.0,1584.0,1775.0,1153.0,3112.0,730.0,987.0,611.0,12375.0,2555.0
11,United States,2014,12,2014-03-22,51487.0,47779.0,797.0,11406.0,1487.0,1825.0,1163.0,3048.0,762.0,983.0,561.0,12178.0,2632.0
12,United States,2014,13,2014-03-29,50945.0,47494.0,748.0,11533.0,1491.0,1821.0,1117.0,3026.0,691.0,913.0,575.0,12180.0,2519.0
0,United States,2014,1,2014-04-01,54065.0,50189.0,882.0,11244.0,1654.0,1780.0,1639.0,3331.0,756.0,965.0,679.0,13166.0,2669.0
39,United States,2014,40,2014-04-10,48457.0,44563.0,735.0,11407.0,1368.0,1751.0,807.0,2483.0,643.0,900.0,565.0,11155.0,2446.0
15,United States,2014,16,2014-04-19,49976.0,46261.0,708.0,11197.0,1496.0,1709.0,1054.0,2904.0,730.0,903.0,551.0,11819.0,2473.0
16,United States,2014,17,2014-04-26,49997.0,46257.0,735.0,11186.0,1433.0,1639.0,1020.9999999999999,2956.0,712.0,885.0,661.0,11781.0,2532.0
13,United States,2014,14,2014-05-04,50948.0,47201.0,746.0,11352.0,1507.0,1654.0,1059.0,3005.0,751.0,973.0,604.0,12083.0,2563.0
26,United States,2014,27,2014-05-07,47535.0,43345.0,702.0,10940.0,1357.0,1515.0,823.0,2527.0,621.0,796.0,592.0,11111.0,2354.0
19,United States,2014,20,2014-05-17,48003.0,44322.0,669.0,10877.0,1394.0,1642.0,887.0,2750.0,699.0,907.0,568.0,11394.0,2441.0
20,United States,2014,21,2014-05-24,48689.0,44919.0,735.0,11303.0,1410.0,1574.0,863.0,2672.0,694.0,937.0,522.0,11392.0,2475.0
21,United States,2014,22,2014-05-31,48254.0,44339.0,665.0,11157.0,1360.0,1632.0,863.0,2709.0,690.0,847.0,629.0,11196.0,2448.0
35,United States,2014,36,2014-06-09,47521.0,43363.0,660.0,11098.0,1368.0,1622.0,781.0,2391.0,589.0,870.0,608.0,10837.0,2386.0
48,United States,2014,49,2014-06-12,52979.0,49005.0,842.0,11491.0,1474.0,2280.0,1054.0,2876.0,734.0,1033.0,744.0,12401.0,2739.0
23,United States,2014,24,2014-06-14,47907.0,44037.0,674.0,11406.0,1316.0,1599.0,909.0,2702.0,634.0,878.0,603.0,10955.0,2280.0
24,United States,2014,25,2014-06-21,47698.0,43727.0,715.0,11110.0,1378.0,1613.0,814.0,2587.0,627.0,895.0,611.0,10904.0,2351.0
25,United States,2014,26,2014-06-28,47539.0,43569.0,673.0,11368.0,1401.0,1571.0,844.0,2494.0,617.0,797.0,575.0,10827.0,2337.0
22,United States,2014,23,2014-07-06,47831.0,43773.0,685.0,11098.0,1293.0,1549.0,863.0,2653.0,710.0,830.0,568.0,11235.0,2322.0
28,United States,2014,29,2014-07-19,47320.0,43471.0,709.0,11153.0,1330.0,1639.0,815.0,2545.0,610.0,840.0,565.0,10825.0,2370.0
29,United States,2014,30,2014-07-26,47259.0,43400.0,722.0,11229.0,1381.0,1618.0,772.0,2526.0,620.0,844.0,494.0,10771.0,2374.0
5,United States,2014,6,2014-08-02,53484.0,49790.0,849.0,11355.0,1643.0,1873.0,1528.0,3351.0,728.0,1038.0,641.0,12681.0,2684.0
9,United States,2014,10,2014-08-03,52163.0,48353.0,777.0,11535.0,1536.0,1830.0,1215.0,3043.0,760.0,1040.0,642.0,12318.0,2529.0
44,United States,2014,45,2014-08-11,51214.0,47194.0,736.0,11554.0,1468.0,2056.0,831.0,2771.0,692.0,856.0,728.0,11923.0,2718.0
32,United States,2014,33,2014-08-16,46852.0,42892.0,677.0,11201.0,1336.0,1580.0,730.0,2440.0,608.0,873.0,560.0,10497.0,2479.0
33,United States,2014,34,2014-08-23,46863.0,42886.0,677.0,11204.0,1345.0,1620.0,714.0,2396.0,635.0,885.0,560.0,10711.0,2216.0
34,United States,2014,35,2014-08-30,46751.0,42681.0,629.0,10989.0,1285.0,1498.0,778.0,2310.0,646.0,826.0,555.0,10608.0,2369.0
31,United States,2014,32,2014-09-08,47201.0,43166.0,654.0,11186.0,1390.0,1614.0,760.0,2470.0,651.0,839.0,531.0,10714.0,2339.0
36,United States,2014,37,2014-09-13,47141.0,43247.0,695.0,11061.0,1327.0,1627.0,744.0,2435.0,597.0,914.0,594.0,10699.0,2403.0
37,United States,2014,38,2014-09-20,48223.0,44276.0,690.0,11361.0,1312.0,1730.0,816.0,2427.0,600.0,866.0,610.0,10969.0,2505.0
38,United States,2014,39,2014-09-27,48527.0,44544.0,660.0,11578.0,1365.0,1718.0,783.0,2517.0,717.0,885.0,605.0,11138.0,2483.0
18,United States,2014,19,2014-10-05,50430.0,46520.0,724.0,11301.0,1501.0,1747.0,1022.9999999999999,2901.0,699.0,905.0,620.0,11813.0,2534.0
41,United States,2014,42,2014-10-18,49427.0,45492.0,726.0,11454.0,1398.0,1890.0,882.0,2550.0,672.0,854.0,626.0,11633.0,2591.0
42,United States,2014,43,2014-10-25,49252.0,45361.0,698.0,11479.0,1409.0,1933.0,851.0,2586.0,667.0,871.0,629.0,11401.0,2649.0
1,United States,2014,2,2014-11-01,56353.0,52450.0,905.0,11504.0,1735.0,1917.0,1910.0,3444.0,845.0,1098.0,665.0,13663.0,2738.0
40,United States,2014,41,2014-11-10,49499.0,45431.0,712.0,11540.0,1457.0,1840.0,842.0,2541.0,649.0,902.0,652.0,11397.0,2467.0
45,United States,2014,46,2014-11-15,50735.0,46857.0,727.0,11440.0,1508.0,2041.0,845.0,2689.0,674.0,883.0,672.0,11963.0,2686.0
46,United States,2014,47,2014-11-22,52722.0,48725.0,770.0,11768.0,1590.0,2146.0,970.0,2758.0,722.0,990.0,698.0,12278.0,2864.0
47,United States,2014,48,2014-11-29,52075.0,48109.0,757.0,11351.0,1532.0,2229.0,972.0,2754.0,705.0,948.0,689.0,12479.0,2794.0
14,United States,2014,15,2014-12-04,50793.0,46955.0,733.0,11368.0,1456.0,1725.0,1131.0,2956.0,761.0,890.0,582.0,12053.0,2569.0
27,United States,2014,28,2014-12-07,47595.0,43629.0,707.0,11018.0,1354.0,1562.0,814.0,2556.0,596.0,847.0,558.0,10927.0,2380.0
49,United States,2014,50,2014-12-13,53714.0,49742.0,781.0,11585.0,1656.0,2300.0,1144.0,3025.0,722.0,1025.0,715.0,12580.0,2896.0
50,United States,2014,51,2014-12-20,54861.0,50882.0,893.0,11632.0,1619.0,2247.0,1448.0,3241.0,801.0,967.0,755.0,13057.0,2898.0
51,United States,2014,52,2014-12-27,56239.0,52350.0,871.0,11511.0,1664.0,2333.0,1695.0,3425.0,818.0,1052.0,811.0,13611.0,2889.0
82,United States,2015,30,2015-01-08,48714.0,44340.0,654.0,11234.0,1303.0,1879.0,738.0,2534.0,633.0,892.0,560.0,11336.0,2612.0
54,United States,2015,2,2015-01-17,61163.0,57064.0,963.0,11926.0,1860.0,2795.0,2368.0,3823.0,866.0,1164.0,700.0,14527.0,3077.0
55,United States,2015,3,2015-01-24,58652.0,54617.0,937.0,11664.0,1790.0,2612.0,2108.0,3704.0,864.0,1142.0,668.0,13936.0,2997.0
56,United States,2015,4,2015-01-31,57297.0,53445.0,853.0,11727.0,1756.0,2471.0,1875.0,3594.0,815.0,1092.0,688.0,13492.0,2981.0
69,United States,2015,17,2015-02-05,51488.0,47483.0,744.0,11411.0,1443.0,2066.0,1060.0,3173.0,739.0,996.0,588.0,12254.0,2581.0
58,United States,2015,6,2015-02-14,56668.0,52717.0,926.0,11579.0,1730.0,2423.0,1594.0,3507.0,832.0,1107.0,657.0,13426.0,2916.0
59,United States,2015,7,2015-02-21,56678.0,52648.0,873.0,11426.0,1707.0,2390.0,1528.0,3644.0,798.0,1083.0,612.0,13637.0,2880.0
60,United States,2015,8,2015-02-28,56334.0,52403.0,853.0,11554.0,1725.0,2323.0,1522.0,3560.0,833.0,1104.0,651.0,13468.0,2958.0
52,United States,2014,53,2015-03-01,59457.0,55306.0,965.0,11681.0,1774.0,2435.0,2293.0,3802.0,852.0,1051.0,780.0,14421.0,2932.0
91,United States,2015,39,2015-03-10,48888.0,44765.0,751.0,11519.0,1444.0,2003.0,858.0,2527.0,652.0,870.0,561.0,11229.0,2478.0
62,United States,2015,10,2015-03-14,55741.0,51560.0,882.0,11577.0,1650.0,2327.0,1369.0,3479.0,822.0,1046.0,581.0,13195.0,2844.0
63,United States,2015,11,2015-03-21,54462.0,50354.0,813.0,11683.0,1527.0,2182.0,1223.0,3385.0,832.0,1041.0,621.0,12823.0,2887.0
64,United States,2015,12,2015-03-28,53404.0,49528.0,807.0,11765.0,1526.0,2037.0,1160.0,3315.0,796.0,1030.0,627.0,12574.0,2764.0
65,United States,2015,13,2015-04-04,53210.0,49168.0,784.0,11258.0,1582.0,2111.0,1166.0,3339.0,789.0,997.0,620.0,12670.0,2710.0
78,United States,2015,26,2015-04-07,49247.0,44972.0,715.0,11413.0,1455.0,1878.0,800.0,2707.0,670.0,881.0,558.0,11325.0,2502.0
67,United States,2015,15,2015-04-18,52881.0,48844.0,809.0,11572.0,1534.0,2045.9999999999998,1157.0,3319.0,833.0,984.0,597.0,12445.0,2698.0
68,United States,2015,16,2015-04-25,51626.0,47690.0,767.0,11217.0,1547.0,2008.0,1112.0,3170.0,724.0,929.0,579.0,12074.0,2570.0
87,United States,2015,35,2015-05-09,48753.0,44339.0,741.0,11451.0,1363.0,1945.0,756.0,2455.0,616.0,852.0,564.0,10988.0,2541.0
100,United States,2015,48,2015-05-12,52070.0,47915.0,782.0,11227.0,1540.0,2211.0,970.0,2866.0,713.0,937.0,678.0,12327.0,2726.0
71,United States,2015,19,2015-05-16,50716.0,46505.0,738.0,11356.0,1405.0,1929.0,959.0,3066.0,694.0,943.0,557.0,11847.0,2654.0
72,United States,2015,20,2015-05-23,49396.0,45330.0,725.0,11080.0,1433.0,1924.0,897.0,2951.0,674.0,930.0,554.0,11501.0,2549.0
73,United States,2015,21,2015-05-30,49849.0,45765.0,735.0,11339.0,1487.0,1978.0,908.0,2884.0,662.0,858.0,553.0,11648.0,2510.0
74,United States,2015,22,2015-06-06,49260.0,44973.0,692.0,11189.0,1457.0,1904.0,864.0,2838.0,672.0,941.0,587.0,11372.0,2514.0
75,United States,2015,23,2015-06-13,49813.0,45527.0,737.0,11172.0,1421.0,1959.0,879.0,2860.0,732.0,894.0,588.0,11437.0,2545.0
76,United States,2015,24,2015-06-20,49117.0,44901.0,686.0,11265.0,1412.0,1866.0,846.0,2732.0,685.0,894.0,584.0,11252.0,2593.0
77,United States,2015,25,2015-06-27,49071.0,44790.0,711.0,11257.0,1357.0,1839.0,867.0,2754.0,700.0,920.0,590.0,11314.0,2523.0
57,United States,2015,5,2015-07-02,57367.0,53260.0,907.0,11667.0,1647.0,2341.0,1758.0,3485.0,782.0,1050.0,658.0,13843.0,2925.0
61,United States,2015,9,2015-07-03,56509.0,52369.0,888.0,11407.0,1727.0,2338.0,1376.0,3624.0,865.0,1064.0,588.0,13612.0,2911.0
96,United States,2015,44,2015-07-11,51179.0,46921.0,802.0,11509.0,1502.0,2204.0,916.0,2711.0,735.0,925.0,608.0,11753.0,2790.0
80,United States,2015,28,2015-07-18,49266.0,44924.0,736.0,11380.0,1449.0,1949.0,813.0,2613.0,706.0,883.0,528.0,11406.0,2584.0
81,United States,2015,29,2015-07-25,48661.0,44437.0,700.0,11372.0,1391.0,1903.0,756.0,2544.0,650.0,846.0,613.0,11297.0,2444.0
83,United States,2015,31,2015-08-08,48323.0,43912.0,716.0,11212.0,1405.0,1870.0,796.0,2427.0,653.0,815.0,597.0,10977.0,2431.0
84,United States,2015,32,2015-08-15,48194.0,43983.0,723.0,11365.0,1377.0,1832.0,784.0,2346.0,638.0,864.0,538.0,11068.0,2502.0
85,United States,2015,33,2015-08-22,48468.0,44159.0,729.0,11383.0,1392.0,1849.0,768.0,2454.0,656.0,852.0,521.0,11063.0,2470.0
86,United States,2015,34,2015-08-29,48522.0,44277.0,752.0,11331.0,1421.0,1948.0,796.0,2489.0,668.0,899.0,565.0,11115.0,2435.0
70,United States,2015,18,2015-09-05,51693.0,47415.0,692.0,11367.0,1533.0,2017.9999999999998,908.0,3132.0,770.0,912.0,566.0,12107.0,2625.0
89,United States,2015,37,2015-09-19,48972.0,44920.0,698.0,11447.0,1416.0,1930.0,763.0,2547.0,692.0,907.0,593.0,11200.0,2503.0
90,United States,2015,38,2015-09-26,49307.0,45072.0,744.0,11383.0,1388.0,1969.0,785.0,2547.0,672.0,914.0,604.0,11153.0,2616.0
53,United States,2015,1,2015-10-01,61763.0,57636.0,998.0,11865.0,1820.0,2671.0,2602.0,3947.0,899.0,1141.0,668.0,14855.0,3191.0
92,United States,2015,40,2015-10-10,51096.0,46634.0,774.0,11649.0,1500.0,2156.0,878.0,2646.0,698.0,890.0,650.0,11757.0,2606.0
93,United States,2015,41,2015-10-17,50038.0,45818.0,741.0,11382.0,1486.0,2098.0,851.0,2604.0,686.0,865.0,641.0,11417.0,2636.0
94,United States,2015,42,2015-10-24,50927.0,46778.0,771.0,11429.0,1520.0,2154.0,916.0,2679.0,691.0,928.0,596.0,11748.0,2718.0
95,United States,2015,43,2015-10-31,50484.0,46400.0,774.0,11464.0,1499.0,2130.0,869.0,2630.0,679.0,879.0,611.0,11564.0,2751.0
66,United States,2015,14,2015-11-04,52839.0,48817.0,779.0,11390.0,1565.0,2087.0,1158.0,3301.0,791.0,1026.0,599.0,12523.0,2653.0
79,United States,2015,27,2015-11-07,48950.0,44481.0,753.0,11070.0,1453.0,1842.0,813.0,2611.0,627.0,911.0,582.0,11377.0,2543.0
97,United States,2015,45,2015-11-14,50753.0,46703.0,763.0,11274.0,1605.0,2172.0,832.0,2712.0,724.0,954.0,650.0,11679.0,2604.0
98,United States,2015,46,2015-11-21,51813.0,47706.0,778.0,11547.0,1518.0,2214.0,891.0,2773.0,730.0,940.0,649.0,12122.0,2794.0
99,United States,2015,47,2015-11-28,51496.0,47523.0,760.0,11323.0,1513.0,2203.0,870.0,2776.0,741.0,972.0,713.0,12124.0,2843.0
88,United States,2015,36,2015-12-09,48820.0,44469.0,727.0,11307.0,1363.0,1972.0,794.0,2452.0,683.0,858.0,586.0,11172.0,2528.0
101,United States,2015,49,2015-12-12,53755.0,49519.0,788.0,11691.0,1547.0,2328.0,966.0,2997.0,740.0,997.0,712.0,12722.0,2848.0
102,United States,2015,50,2015-12-19,52273.0,48165.0,781.0,11369.0,1537.0,2257.0,991.0,2964.0,803.0,931.0,698.0,12343.0,2685.0
103,United States,2015,51,2015-12-26,53216.0,49236.0,813.0,11467.0,1598.0,2390.0,971.0,2996.0,741.0,1026.0,812.0,12542.0,2746.0
143,United States,2016,39,2016-01-10,50267.0,45822.0,704.0,11422.0,1428.0,2184.0,725.0,2721.0,682.0,904.0,654.0,11336.0,2573.0
106,United States,2016,2,2016-01-16,55596.0,51441.0,854.0,11835.0,1625.0,2358.0,1260.0,3173.0,822.0,1072.0,605.0,13209.0,2874.0
107,United States,2016,3,2016-01-23,55231.0,51221.0,871.0,11638.0,1696.0,2469.0,1130.0,3315.0,823.0,1026.0,605.0,12999.0,2889.0
108,United States,2016,4,2016-01-30,55665.0,51456.0,838.0,11850.0,1688.0,2393.0,1169.0,3228.0,831.0,1022.9999999999999,615.0,13102.0,3033.0
104,United States,2015,52,2016-02-01,52615.0,48573.0,822.0,11046.0,1559.0,2231.0,1136.0,3098.0,781.0,1041.0,677.0,12542.0,2792.0
117,United States,2016,13,2016-02-04,53946.0,49533.0,865.0,11447.0,1594.0,2215.0,1297.0,3354.0,780.0,1012.0,573.0,12698.0,2778.0
130,United States,2016,26,2016-02-07,49754.0,45069.0,682.0,11067.0,1397.0,2087.0,772.0,2711.0,695.0,911.0,578.0,11378.0,2555.0
110,United States,2016,6,2016-02-13,55465.0,51151.0,827.0,11874.0,1574.0,2306.0,1195.0,3429.0,780.0,1022.9999999999999,613.0,13299.0,2805.0
111,United States,2016,7,2016-02-20,56176.0,51836.0,788.0,11703.0,1676.0,2417.0,1254.0,3438.0,805.0,1029.0,630.0,13439.0,2882.0
112,United States,2016,8,2016-02-27,55203.0,50943.0,875.0,11615.0,1721.0,2308.0,1317.0,3404.0,792.0,1030.0,604.0,12977.0,2829.0
139,United States,2016,35,2016-03-09,49591.0,45028.0,724.0,11469.0,1423.0,2031.0000000000002,777.0,2562.0,613.0,890.0,653.0,11014.0,2666.0
152,United States,2016,48,2016-03-12,54611.0,49928.0,830.0,11523.0,1608.0,2447.0,917.0,3033.0,780.0,973.0,763.0,12655.0,2934.0
115,United States,2016,11,2016-03-19,54585.0,50137.0,840.0,11472.0,1581.0,2290.0,1383.0,3570.0,852.0,1006.0,624.0,12773.0,2755.0
116,United States,2016,12,2016-03-26,54814.0,50381.0,846.0,11544.0,1616.0,2253.0,1403.0,3448.0,856.0,1056.0,546.0,12808.0,2831.0
126,United States,2016,22,2016-04-06,49714.0,45198.0,743.0,11004.0,1394.0,1950.0,817.0,2797.0,732.0,851.0,621.0,11673.0,2608.0
119,United States,2016,15,2016-04-16,53495.0,49167.0,833.0,11383.0,1541.0,2194.0,1256.0,3173.0,781.0,954.0,599.0,12492.0,2785.0
120,United States,2016,16,2016-04-23,53164.0,48746.0,846.0,11342.0,1566.0,2276.0,1085.0,3162.0,793.0,961.0,600.0,12496.0,2686.0
121,United States,2016,17,2016-04-30,51082.0,46789.0,759.0,11141.0,1459.0,2167.0,1030.0,3047.0,698.0,959.0,629.0,11825.0,2606.0
113,United States,2016,9,2016-05-03,55935.0,51532.0,837.0,11767.0,1618.0,2310.0,1428.0,3337.0,847.0,1041.0,653.0,13099.0,2865.0
148,United States,2016,44,2016-05-11,51768.0,47118.0,724.0,11354.0,1493.0,2295.0,827.0,2702.0,748.0,933.0,621.0,11901.0,2809.0
123,United States,2016,19,2016-05-14,51006.0,46494.0,730.0,11189.0,1466.0,2128.0,893.0,2912.0,717.0,946.0,602.0,11856.0,2668.0
124,United States,2016,20,2016-05-21,50471.0,46298.0,754.0,11254.0,1496.0,2077.0,899.0,2932.0,685.0,916.0,618.0,11604.0,2623.0
125,United States,2016,21,2016-05-28,50492.0,46004.0,722.0,11085.0,1461.0,2114.0,894.0,2889.0,769.0,933.0,588.0,11683.0,2557.0
109,United States,2016,5,2016-06-02,55142.0,50817.0,839.0,11428.0,1590.0,2385.0,1171.0,3229.0,773.0,1071.0,617.0,13022.0,2867.0
135,United States,2016,31,2016-06-08,49510.0,44700.0,737.0,11257.0,1475.0,1892.0,752.0,2617.0,648.0,842.0,643.0,11277.0,2500.0
128,United States,2016,24,2016-06-18,49915.0,45349.0,709.0,11132.0,1473.0,2009.0,765.0,2681.0,744.0,915.0,589.0,11534.0,2526.0
129,United States,2016,25,2016-06-25,49625.0,45072.0,659.0,11182.0,1387.0,2048.0,769.0,2712.0,709.0,915.0,602.0,11546.0,2480.0
122,United States,2016,18,2016-07-05,51282.0,46855.0,743.0,11366.0,1573.0,2086.0,995.0,2907.0,746.0,938.0,561.0,11757.0,2702.0
132,United States,2016,28,2016-07-16,49639.0,45029.0,720.0,11207.0,1470.0,2060.0,811.0,2664.0,662.0,900.0,621.0,11229.0,2570.0
133,United States,2016,29,2016-07-23,49284.0,44648.0,741.0,11192.0,1397.0,2024.0,717.0,2652.0,705.0,871.0,611.0,11092.0,2497.0
134,United States,2016,30,2016-07-30,49701.0,44996.0,733.0,11408.0,1392.0,2025.9999999999998,740.0,2534.0,698.0,884.0,595.0,11224.0,2485.0
144,United States,2016,40,2016-08-10,51414.0,46630.0,733.0,11567.0,1494.0,2171.0,779.0,2554.0,741.0,933.0,682.0,11673.0,2632.0
136,United States,2016,32,2016-08-13,49747.0,45110.0,655.0,11462.0,1406.0,2059.0,777.0,2594.0,677.0,881.0,603.0,11302.0,2616.0
137,United States,2016,33,2016-08-20,49816.0,45211.0,753.0,11512.0,1363.0,2032.0,722.0,2632.0,651.0,871.0,624.0,11372.0,2434.0
138,United States,2016,34,2016-08-27,49519.0,44957.0,689.0,11364.0,1399.0,2084.0,725.0,2566.0,668.0,926.0,636.0,11061.0,2560.0
105,United States,2016,1,2016-09-01,55865.0,51720.0,923.0,11739.0,1695.0,2360.0,1240.0,3215.0,899.0,1076.0,656.0,13170.0,2995.0
118,United States,2016,14,2016-09-04,54074.0,49524.0,787.0,11440.0,1519.0,2243.0,1325.0,3348.0,773.0,989.0,616.0,12580.0,2772.0
131,United States,2016,27,2016-09-07,49706.0,44910.0,713.0,11230.0,1393.0,2052.0,814.0,2644.0,682.0,821.0,632.0,11378.0,2494.0
141,United States,2016,37,2016-09-17,49926.0,45432.0,728.0,11298.0,1447.0,2155.0,814.0,2572.0,713.0,896.0,634.0,11130.0,2539.0
142,United States,2016,38,2016-09-24,49892.0,45413.0,741.0,11298.0,1449.0,2106.0,766.0,2572.0,707.0,852.0,613.0,11258.0,2668.0
140,United States,2016,36,2016-10-09,50084.0,45241.0,761.0,11375.0,1465.0,2113.0,760.0,2520.0,674.0,839.0,617.0,11427.0,2463.0
153,United States,2016,49,2016-10-12,55173.0,50531.0,771.0,11500.0,1672.0,2485.0,1052.0,3049.0,807.0,981.0,796.0,12883.0,2981.0
145,United States,2016,41,2016-10-15,52144.0,47570.0,731.0,11540.0,1533.0,2308.0,831.0,2790.0,754.0,981.0,699.0,11946.0,2664.0
146,United States,2016,42,2016-10-22,51462.0,46997.0,726.0,11471.0,1490.0,2130.0,848.0,2737.0,733.0,929.0,626.0,11841.0,2680.0
147,United States,2016,43,2016-10-29,51879.0,47325.0,787.0,11402.0,1483.0,2286.0,820.0,2725.0,744.0,973.0,675.0,11909.0,2688.0
127,United States,2016,23,2016-11-06,49918.0,45305.0,712.0,11124.0,1419.0,2072.0,867.0,2811.0,712.0,944.0,598.0,11320.0,2554.0
150,United States,2016,46,2016-11-19,53464.0,48824.0,774.0,11749.0,1528.0,2404.0,869.0,2884.0,742.0,963.0,704.0,12302.0,2840.0
151,United States,2016,47,2016-11-26,53171.0,48629.0,756.0,11320.0,1613.0,2299.0,883.0,2951.0,758.0,971.0,703.0,12457.0,2759.0
114,United States,2016,10,2016-12-03,56233.0,51711.0,873.0,11852.0,1637.0,2262.0,1459.0,3547.0,797.0,1102.0,627.0,13176.0,2850.0
149,United States,2016,45,2016-12-11,52546.0,47992.0,777.0,11498.0,1602.0,2233.0,891.0,2786.0,739.0,942.0,671.0,12104.0,2821.0
154,United States,2016,50,2016-12-17,56024.0,51582.0,869.0,11827.0,1588.0,2483.0,1077.0,3088.0,804.0,1000.0,734.0,13302.0,2928.0
155,United States,2016,51,2016-12-24,56757.0,52213.0,818.0,11639.0,1776.0,2606.0,1121.0,3270.0,801.0,1058.0,782.0,13267.0,3111.0
156,United States,2016,52,2016-12-31,57658.0,53148.0,906.0,11490.0,1732.0,2671.0,1318.0,3457.0,868.0,1035.0,827.0,13689.0,3064.0
169,United States,2017,13,2017-01-04,55706.0,51102.0,809.0,11601.0,1643.0,2473.0,1312.0,3465.0,902.0,1035.0,678.0,12754.0,2862.0
182,United States,2017,26,2017-01-07,50618.0,45768.0,708.0,11359.0,1484.0,2009.0,789.0,2762.0,736.0,895.0,626.0,11613.0,2548.0
158,United States,2017,2,2017-01-14,60982.0,56209.0,954.0,12102.0,1902.0,2769.0,1599.0,3870.0,962.0,1120.0,618.0,14232.0,3103.0
159,United States,2017,3,2017-01-21,59294.0,54654.0,876.0,11882.0,1675.0,2787.0,1612.0,3728.0,957.0,1062.0,652.0,13950.0,3061.0
160,United States,2017,4,2017-01-28,58051.0,53359.0,910.0,11488.0,1769.0,2583.0,1528.0,3678.0,895.0,1101.0,623.0,13649.0,2981.0
191,United States,2017,35,2017-02-09,50832.0,46087.0,721.0,11615.0,1502.0,2166.0,719.0,2530.0,690.0,873.0,554.0,11461.0,2717.0
204,United States,2017,48,2017-02-12,54762.0,50104.0,843.0,11410.0,1650.0,2362.0,1006.0,3020.0,822.0,1004.0,695.0,12652.0,2967.0
163,United States,2017,7,2017-02-18,58482.0,53951.0,890.0,11571.0,1778.0,2584.0,1682.0,3822.0,870.0,1072.0,640.0,13893.0,3025.0
164,United States,2017,8,2017-02-25,58290.0,53768.0,880.0,11597.0,1710.0,2566.0,1709.0,3862.0,926.0,1074.0,660.0,13629.0,2997.0
178,United States,2017,22,2017-03-06,51257.0,46341.0,719.0,11187.0,1476.0,2167.0,842.0,2844.0,744.0,912.0,573.0,11780.0,2703.0
167,United States,2017,11,2017-03-18,56658.0,52170.0,863.0,11424.0,1731.0,2506.0,1451.0,3577.0,890.0,1069.0,645.0,13461.0,2846.0
168,United States,2017,12,2017-03-25,57048.0,52296.0,861.0,11570.0,1696.0,2562.0,1393.0,3563.0,878.0,1018.9999999999999,635.0,13117.0,2924.0
161,United States,2017,5,2017-04-02,58437.0,53749.0,947.0,11689.0,1693.0,2693.0,1611.0,3612.0,881.0,1074.0,598.0,13713.0,2987.0
165,United States,2017,9,2017-04-03,57257.0,52480.0,897.0,11115.0,1717.0,2518.0,1632.0,3631.0,846.0,1049.0,618.0,13390.0,3040.0
200,United States,2017,44,2017-04-11,53680.0,48905.0,736.0,11601.0,1603.0,2357.0,841.0,2798.0,823.0,981.0,680.0,12184.0,2732.0
171,United States,2017,15,2017-04-15,54863.0,50156.0,829.0,11624.0,1621.0,2331.0,1193.0,3308.0,853.0,1041.0,566.0,12402.0,2918.0
172,United States,2017,16,2017-04-22,53071.0,48493.0,816.0,11358.0,1462.0,2318.0,1059.0,3097.0,855.0,958.0,617.0,12088.0,2796.0
173,United States,2017,17,2017-04-29,53297.0,48569.0,775.0,11451.0,1575.0,2251.0,992.0,3116.0,820.0,987.0,615.0,12428.0,2709.0
187,United States,2017,31,2017-05-08,50091.0,45184.0,675.0,11172.0,1433.0,2091.0,700.0,2672.0,712.0,919.0,591.0,11351.0,2660.0
175,United States,2017,19,2017-05-13,51987.0,47376.0,754.0,11285.0,1559.0,2153.0,898.0,3057.0,764.0,1024.0,573.0,11955.0,2728.0
176,United States,2017,20,2017-05-20,52481.0,47655.0,708.0,11408.0,1428.0,2114.0,874.0,3042.0,777.0,899.0,615.0,12200.0,2778.0
177,United States,2017,21,2017-05-27,50976.0,46223.0,726.0,11088.0,1455.0,2120.0,812.0,2997.0,755.0,931.0,574.0,11707.0,2644.0
174,United States,2017,18,2017-06-05,52658.0,47851.0,722.0,11300.0,1629.0,2170.0,973.0,3120.0,755.0,989.0,593.0,12007.0,2708.0
180,United States,2017,24,2017-06-17,50799.0,45999.0,740.0,11127.0,1524.0,2084.0,795.0,2848.0,715.0,863.0,560.0,11748.0,2550.0
181,United States,2017,25,2017-06-24,51195.0,46283.0,695.0,11491.0,1485.0,2137.0,783.0,2866.0,757.0,910.0,587.0,11504.0,2615.0
157,United States,2017,1,2017-07-01,59764.0,54862.0,915.0,11643.0,1836.0,2710.0,1540.0,3758.0,897.0,1104.0,640.0,14061.0,3180.0
196,United States,2017,40,2017-07-10,52112.0,47226.0,700.0,11636.0,1515.0,2241.0,793.0,2749.0,759.0,903.0,635.0,11774.0,2742.0
184,United States,2017,28,2017-07-15,49975.0,45199.0,708.0,11326.0,1428.0,2053.0,810.0,2621.0,721.0,842.0,530.0,11387.0,2613.0
185,United States,2017,29,2017-07-22,50132.0,45290.0,672.0,11422.0,1467.0,2044.0,708.0,2580.0,714.0,839.0,607.0,11307.0,2590.0
186,United States,2017,30,2017-07-29,49364.0,44594.0,663.0,11292.0,1435.0,2005.0,756.0,2517.0,691.0,810.0,582.0,11079.0,2533.0
170,United States,2017,14,2017-08-04,55161.0,50321.0,855.0,11385.0,1612.0,2374.0,1234.0,3471.0,885.0,1014.0,645.0,12688.0,2802.0
183,United States,2017,27,2017-08-07,50961.0,45727.0,692.0,11512.0,1473.0,2028.0,776.0,2687.0,704.0,859.0,559.0,11572.0,2507.0
189,United States,2017,33,2017-08-19,50188.0,45455.0,701.0,11431.0,1537.0,2088.0,703.0,2503.0,733.0,860.0,575.0,11299.0,2514.0
190,United States,2017,34,2017-08-26,49517.0,44877.0,714.0,11254.0,1365.0,2031.0000000000002,729.0,2516.0,687.0,851.0,608.0,11171.0,2636.0
192,United States,2017,36,2017-09-09,50983.0,46238.0,761.0,11273.0,1525.0,2107.0,797.0,2525.0,719.0,956.0,630.0,11580.0,2698.0
205,United States,2017,49,2017-09-12,55597.0,50838.0,825.0,11566.0,1701.0,2424.0,1048.0,3122.0,836.0,1000.0,724.0,12856.0,2918.0
193,United States,2017,37,2017-09-16,51696.0,46944.0,724.0,11394.0,1535.0,2249.0,796.0,2698.0,754.0,942.0,649.0,11709.0,2685.0
194,United States,2017,38,2017-09-23,51230.0,46489.0,715.0,11430.0,1535.0,2172.0,734.0,2662.0,726.0,913.0,639.0,11534.0,2647.0
195,United States,2017,39,2017-09-30,51344.0,46403.0,754.0,11495.0,1520.0,2221.0,797.0,2649.0,768.0,869.0,633.0,11459.0,2606.0
179,United States,2017,23,2017-10-06,51424.0,46482.0,723.0,11241.0,1479.0,2098.0,848.0,2870.0,716.0,853.0,584.0,11848.0,2644.0
197,United States,2017,41,2017-10-14,51582.0,46930.0,731.0,11534.0,1416.0,2185.0,813.0,2677.0,759.0,903.0,631.0,11631.0,2722.0
198,United States,2017,42,2017-10-21,52234.0,47683.0,740.0,11607.0,1658.0,2291.0,826.0,2732.0,687.0,921.0,623.0,11883.0,2779.0
199,United States,2017,43,2017-10-28,52551.0,47948.0,774.0,11500.0,1541.0,2318.0,841.0,2791.0,762.0,909.0,657.0,11988.0,2813.0
162,United States,2017,6,2017-11-02,59043.0,54228.0,870.0,11908.0,1836.0,2532.0,1620.0,3668.0,901.0,1071.0,670.0,13763.0,2986.0
166,United States,2017,10,2017-11-03,57480.0,52622.0,840.0,11546.0,1734.0,2566.0,1565.0,3608.0,886.0,1055.0,652.0,13281.0,2954.0
201,United States,2017,45,2017-11-11,53261.0,48502.0,781.0,11560.0,1616.0,2328.0,886.0,2793.0,777.0,1028.0,637.0,12088.0,2817.0
202,United States,2017,46,2017-11-18,53775.0,49141.0,791.0,11445.0,1635.0,2328.0,908.0,2757.0,803.0,977.0,657.0,12411.0,2890.0
203,United States,2017,47,2017-11-25,54122.0,49534.0,781.0,11606.0,1711.0,2360.0,902.0,2893.0,737.0,981.0,671.0,12609.0,2890.0
188,United States,2017,32,2017-12-08,50238.0,45417.0,658.0,11463.0,1427.0,2137.0,724.0,2535.0,746.0,873.0,548.0,11275.0,2670.0
206,United States,2017,50,2017-12-16,57376.0,52761.0,798.0,11736.0,1799.0,2661.0,1211.0,3204.0,798.0,1012.0,721.0,13438.0,3176.0
207,United States,2017,51,2017-12-23,59506.0,54749.0,894.0,12042.0,1761.0,2825.0,1392.0,3426.0,871.0,1103.0,787.0,13950.0,3138.0
208,United States,2017,52,2017-12-30,61093.0,56483.0,944.0,11689.0,1989.0,2729.0,1813.0,3708.0,911.0,1159.0,761.0,14766.0,3152.0
243,United States,2018,35,2018-01-09,50612.0,45858.0,704.0,11341.0,1490.0,2177.0,685.0,2498.0,687.0,925.0,556.0,11474.0,2675.0
256,United States,2018,48,2018-01-12,55064.0,50727.0,763.0,11388.0,1719.0,2384.0,904.0,3022.0,825.0,1069.0,739.0,13229.0,2928.0
210,United States,2018,2,2018-01-13,67501.0,62573.0,1044.0,12408.0,2036.0,3212.0,2886.0,4373.0,1050.0,1237.0,749.0,15937.0,3362.0
211,United States,2018,3,2018-01-20,64650.00000000001,60052.0,1040.0,11871.0,1955.0,3103.0,2930.0,4193.0,1027.0,1222.0,715.0,14900.0,3364.0
212,United States,2018,4,2018-01-27,62784.0,58011.0,960.0,11812.0,1779.0,2959.0,2695.0,4003.9999999999995,1030.0,1191.0,658.0,14336.0,3286.0
230,United States,2018,22,2018-02-06,51046.0,46332.0,711.0,11130.0,1565.0,2017.0,753.0,2911.0,787.0,909.0,590.0,11775.0,2632.0
215,United States,2018,7,2018-02-17,59784.0,55194.0,885.0,11717.0,1762.0,2743.0,2234.0,3723.0,954.0,1113.0,657.0,13781.0,3070.0
216,United States,2018,8,2018-02-24,57798.0,53232.0,904.0,11515.0,1664.0,2613.0,1987.0,3442.0,1022.0,1082.0,619.0,13277.0,2935.0
213,United States,2018,5,2018-03-02,60980.0,56268.0,979.0,11499.0,1851.0,2832.0,2495.0,3742.0,1016.0,1165.0,679.0,13902.0,3089.0
217,United States,2018,9,2018-03-03,56697.0,52079.0,890.0,11358.0,1710.0,2356.0,1688.0,3352.0,920.0,1028.0,604.0,13347.0,3018.0
252,United States,2018,44,2018-03-11,53644.0,48978.0,749.0,11685.0,1628.0,2380.0,768.0,2721.0,766.0,957.0,660.0,12386.0,2798.0
219,United States,2018,11,2018-03-17,56331.0,51735.0,843.0,11371.0,1686.0,2484.0,1414.0,3401.0,885.0,1034.0,620.0,13174.0,2875.0
220,United States,2018,12,2018-03-24,55771.0,51267.0,799.0,11489.0,1660.0,2476.0,1260.0,3362.0,903.0,997.0,577.0,13095.0,2946.0
221,United States,2018,13,2018-03-31,54919.0,50388.0,827.0,11157.0,1622.0,2432.0,1278.0,3342.0,893.0,1039.0,539.0,12837.0,2873.0
239,United States,2018,31,2018-04-08,50640.0,45759.0,731.0,11361.0,1446.0,2086.0,677.0,2566.0,721.0,905.0,603.0,11465.0,2687.0
223,United States,2018,15,2018-04-14,55228.0,50630.0,806.0,11505.0,1637.0,2273.0,1096.0,3349.0,850.0,1006.0,596.0,13013.0,2973.0
224,United States,2018,16,2018-04-21,54040.0,49565.0,756.0,11260.0,1636.0,2327.0,1055.0,3180.0,902.0,996.0,584.0,12493.0,2779.0
225,United States,2018,17,2018-04-28,53729.0,49178.0,763.0,11439.0,1571.0,2275.0,957.0,3212.0,846.0,993.0,607.0,12412.0,2847.0
226,United States,2018,18,2018-05-05,53742.0,48917.0,722.0,11548.0,1614.0,2226.0,945.0,3102.0,832.0,920.0,595.0,12512.0,2786.0
228,United States,2018,20,2018-05-19,50621.0,46056.0,680.0,10995.0,1501.0,2115.0,781.0,2919.0,799.0,903.0,544.0,11741.0,2654.0
229,United States,2018,21,2018-05-26,50932.0,46387.0,682.0,11268.0,1506.0,2031.0000000000002,760.0,2936.0,776.0,944.0,542.0,11910.0,2697.0
209,United States,2018,1,2018-06-01,66142.0,61016.0,1066.0,11920.0,2110.0,2958.0,2509.0,4207.0,1086.0,1219.0,745.0,16020.0,3359.0
248,United States,2018,40,2018-06-10,52361.0,47414.0,719.0,11637.0,1574.0,2202.0,828.0,2666.0,792.0,917.0,628.0,11741.0,2717.0
232,United States,2018,24,2018-06-16,51389.0,46406.0,678.0,11215.0,1499.0,2096.0,779.0,2886.0,789.0,916.0,560.0,11777.0,2688.0
233,United States,2018,25,2018-06-23,51046.0,46297.0,723.0,11320.0,1510.0,2078.0,737.0,2847.0,769.0,911.0,596.0,11659.0,2727.0
234,United States,2018,26,2018-06-30,50858.0,46017.0,661.0,11276.0,1477.0,2084.0,779.0,2750.0,746.0,917.0,578.0,11660.0,2612.0
222,United States,2018,14,2018-07-04,55296.0,50515.0,745.0,11385.0,1704.0,2393.0,1283.0,3263.0,876.0,984.0,609.0,12859.0,2925.0
235,United States,2018,27,2018-07-07,51686.0,46552.0,710.0,11397.0,1541.0,1978.0,757.0,2756.0,801.0,924.0,624.0,11838.0,2675.0
236,United States,2018,28,2018-07-14,51195.0,46284.0,717.0,11142.0,1530.0,2033.9999999999998,689.0,2690.0,793.0,917.0,577.0,11788.0,2661.0
237,United States,2018,29,2018-07-21,50612.0,45710.0,747.0,11175.0,1480.0,2087.0,680.0,2606.0,769.0,919.0,578.0,11524.0,2603.0
238,United States,2018,30,2018-07-28,50276.0,45434.0,677.0,11384.0,1451.0,2077.0,734.0,2577.0,767.0,853.0,588.0,11437.0,2553.0
244,United States,2018,36,2018-08-09,50301.0,45448.0,711.0,11220.0,1476.0,2075.0,692.0,2579.0,722.0,884.0,608.0,11211.0,2590.0
257,United States,2018,49,2018-08-12,55970.0,51334.0,808.0,11694.0,1759.0,2469.0,958.0,3016.0,881.0,1052.0,707.0,13048.0,2942.0
241,United States,2018,33,2018-08-18,50305.0,45713.0,722.0,11289.0,1465.0,2075.0,625.0,2730.0,740.0,866.0,639.0,11430.0,2692.0
242,United States,2018,34,2018-08-25,50460.0,45963.0,704.0,11550.0,1476.0,2058.0,677.0,2592.0,740.0,957.0,597.0,11270.0,2587.0
231,United States,2018,23,2018-09-06,52003.0,46862.0,683.0,11300.0,1519.0,2079.0,760.0,2889.0,778.0,909.0,627.0,12004.0,2673.0
245,United States,2018,37,2018-09-15,51084.0,46316.0,720.0,11462.0,1511.0,2172.0,722.0,2582.0,747.0,934.0,591.0,11433.0,2566.0
246,United States,2018,38,2018-09-22,51584.0,46787.0,727.0,11635.0,1567.0,2234.0,723.0,2637.0,802.0,867.0,565.0,11625.0,2645.0
247,United States,2018,39,2018-09-29,50960.0,46414.0,741.0,11403.0,1477.0,2140.0,732.0,2550.0,766.0,942.0,597.0,11563.0,2707.0
214,United States,2018,6,2018-10-02,61115.0,56392.0,917.0,11912.0,1849.0,2695.0,2308.0,3856.0,931.0,1096.0,645.0,14182.0,3151.0
218,United States,2018,10,2018-10-03,57097.0,52471.0,825.0,11640.0,1711.0,2413.0,1464.0,3444.0,915.0,1020.0,665.0,13392.0,2910.0
253,United States,2018,45,2018-10-11,53561.0,48847.0,753.0,11657.0,1623.0,2371.0,803.0,2805.0,830.0,945.0,665.0,12186.0,2888.0
249,United States,2018,41,2018-10-13,51851.0,47150.0,744.0,11592.0,1579.0,2199.0,733.0,2629.0,753.0,864.0,624.0,11767.0,2774.0
250,United States,2018,42,2018-10-20,52982.0,48433.0,785.0,11622.0,1520.0,2245.0,773.0,2835.0,832.0,893.0,588.0,12148.0,2818.0
251,United States,2018,43,2018-10-27,53764.0,49077.0,761.0,11769.0,1655.0,2411.0,789.0,2715.0,817.0,958.0,670.0,12173.0,2870.0
240,United States,2018,32,2018-11-08,50970.0,45986.0,700.0,11444.0,1530.0,2112.0,720.0,2407.0,726.0,893.0,608.0,11528.0,2542.0
254,United States,2018,46,2018-11-17,54703.0,50100.0,758.0,11694.0,1648.0,2415.0,880.0,2931.0,786.0,986.0,612.0,12685.0,2903.0
255,United States,2018,47,2018-11-24,54852.0,50473.0,733.0,11717.0,1700.0,2527.0,849.0,2848.0,759.0,1032.0,657.0,12813.0,2947.0
227,United States,2018,19,2018-12-05,52109.0,47331.0,693.0,11071.0,1579.0,2147.0,788.0,3037.0,871.0,896.0,553.0,12174.0,2576.0
258,United States,2018,50,2018-12-15,56394.0,51947.0,821.0,11895.0,1658.0,2504.0,969.0,3091.0,859.0,1079.0,691.0,13098.0,3054.0
259,United States,2018,51,2018-12-22,56532.0,51932.0,850.0,11729.0,1748.0,2500.0,999.0,3137.0,911.0,1043.0,731.0,13363.0,2957.0
260,United States,2018,52,2018-12-29,56030.0,51627.0,797.0,11423.0,1708.0,2408.0,1084.0,3248.0,876.0,1033.0,701.0,13318.0,2915.0
282,United States,2019,22,2019-01-06,52728.0,47756.0,681.0,11283.0,1508.0,2226.0,813.0,2977.0,818.0,967.0,516.0,12183.0,2736.0
263,United States,2019,3,2019-01-19,58220.0,53688.0,806.0,11853.0,1824.0,2607.0,1329.0,3385.0,955.0,1107.0,596.0,13596.0,3108.0
264,United States,2019,4,2019-01-26,57910.0,53423.0,829.0,11709.0,1919.0,2446.0,1239.0,3442.0,917.0,1053.0,647.0,13718.0,2981.0
265,United States,2019,5,2019-02-02,58153.0,53560.0,789.0,11731.0,1897.0,2520.0,1308.0,3387.0,922.0,1074.0,599.0,13741.0,3100.0
269,United States,2019,9,2019-02-03,57975.0,53199.0,802.0,11531.0,1890.0,2372.0,1429.0,3429.0,862.0,1018.0,612.0,13886.0,3002.0
304,United States,2019,44,2019-02-11,54087.0,49201.0,723.0,11591.0,1660.0,2322.0,781.0,2823.0,841.0,969.0,623.0,12075.0,2939.0
267,United States,2019,7,2019-02-16,58004.0,53416.0,815.0,11671.0,1899.0,2557.0,1405.0,3420.0,923.0,1089.0,632.0,13714.0,2996.0
268,United States,2019,8,2019-02-23,58009.0,53476.0,824.0,11748.0,1821.0,2516.0,1406.0,3496.0,936.0,1092.0,593.0,13532.0,3056.0
291,United States,2019,31,2019-03-08,51412.0,46552.0,681.0,11422.0,1506.0,2148.0,723.0,2590.0,810.0,892.0,587.0,11812.0,2649.0
271,United States,2019,11,2019-03-16,57921.0,53348.0,820.0,11736.0,1744.0,2467.0,1485.0,3478.0,941.0,1108.0,622.0,13542.0,3065.0
272,United States,2019,12,2019-03-23,57100.0,52446.0,776.0,11510.0,1815.0,2390.0,1418.0,3380.0,929.0,1076.0,568.0,13405.0,2977.0
273,United States,2019,13,2019-03-30,56680.0,52066.0,833.0,11437.0,1786.0,2457.0,1317.0,3400.0,917.0,996.0,620.0,13248.0,3041.0
278,United States,2019,18,2019-04-05,53991.0,49257.0,729.0,11334.0,1665.0,2210.0,939.0,3012.0,878.0,996.0,566.0,12515.0,2913.0
275,United States,2019,15,2019-04-13,55496.0,50702.0,776.0,11306.0,1759.0,2245.0,1114.0,3340.0,898.0,997.0,629.0,12768.0,2965.0
276,United States,2019,16,2019-04-20,54472.0,49957.0,768.0,11237.0,1657.0,2282.0,1034.0,3221.0,845.0,1010.0,586.0,12940.0,2848.0
277,United States,2019,17,2019-04-27,53661.0,49080.0,732.0,11187.0,1710.0,2246.0,1006.0,3088.0,869.0,976.0,572.0,12561.0,2811.0
261,United States,2019,1,2019-05-01,58305.0,53458.0,787.0,11634.0,1939.0,2411.0,1264.0,3455.0,907.0,1087.0,665.0,13843.0,2884.0
300,United States,2019,40,2019-05-10,52564.0,47544.0,670.0,11446.0,1589.0,2305.0,659.0,2626.0,857.0,954.0,627.0,11739.0,2773.0
280,United States,2019,20,2019-05-18,53579.0,48936.0,680.0,11513.0,1644.0,2208.0,834.0,2978.0,812.0,963.0,625.0,12494.0,2761.0
281,United States,2019,21,2019-05-25,53697.0,48922.0,673.0,11634.0,1634.0,2202.0,803.0,3051.0,789.0,901.0,610.0,12463.0,2707.0
274,United States,2019,14,2019-06-04,56602.0,51788.0,775.0,11458.0,1737.0,2439.0,1223.0,3338.0,829.0,1020.0,609.0,13223.0,2989.0
287,United States,2019,27,2019-06-07,52344.0,47039.0,692.0,11183.0,1583.0,2154.0,728.0,2765.0,771.0,863.0,607.0,12140.0,2694.0
284,United States,2019,24,2019-06-15,52648.0,47884.0,677.0,11471.0,1624.0,2228.0,757.0,2908.0,832.0,988.0,585.0,12045.0,2588.0
285,United States,2019,25,2019-06-22,52292.0,47484.0,656.0,11329.0,1566.0,2143.0,756.0,2800.0,775.0,984.0,559.0,11982.0,2772.0
286,United States,2019,26,2019-06-29,52212.0,47300.0,682.0,11420.0,1553.0,2110.0,767.0,2800.0,782.0,900.0,619.0,12036.0,2683.0
296,United States,2019,36,2019-07-09,51838.0,46652.0,658.0,11384.0,1438.0,2178.0,677.0,2569.0,768.0,924.0,624.0,11682.0,2636.0
309,United States,2019,49,2019-07-12,57308.0,52381.0,814.0,11448.0,1840.0,2576.0,988.0,3118.0,840.0,1034.0,661.0,13528.0,3079.0
288,United States,2019,28,2019-07-13,51936.0,46926.0,693.0,11361.0,1529.0,2122.0,685.0,2796.0,732.0,991.0,601.0,11844.0,2685.0
289,United States,2019,29,2019-07-20,51653.0,46685.0,656.0,11290.0,1632.0,2097.0,687.0,2701.0,746.0,930.0,613.0,11658.0,2644.0
290,United States,2019,30,2019-07-27,51663.0,46656.0,693.0,11377.0,1534.0,2147.0,697.0,2609.0,788.0,927.0,573.0,11730.0,2647.0
283,United States,2019,23,2019-08-06,53142.0,47999.0,683.0,11205.0,1684.0,2245.0,805.0,2974.0,799.0,926.0,586.0,12136.0,2721.0
293,United States,2019,33,2019-08-17,51026.0,46106.0,631.0,11345.0,1494.0,2066.0,672.0,2543.0,757.0,929.0,598.0,11577.0,2691.0
294,United States,2019,34,2019-08-24,51024.0,46083.0,651.0,11429.0,1483.0,2160.0,645.0,2617.0,695.0,869.0,562.0,11474.0,2672.0
295,United States,2019,35,2019-08-31,51164.0,46298.0,675.0,11413.0,1454.0,2131.0,689.0,2520.0,724.0,844.0,592.0,11567.0,2725.0
266,United States,2019,6,2019-09-02,58525.0,53631.0,820.0,11693.0,1819.0,2579.0,1335.0,3510.0,946.0,1040.0,624.0,13634.0,2983.0
270,United States,2019,10,2019-09-03,58547.0,53721.0,799.0,11828.0,1807.0,2460.0,1474.0,3437.0,938.0,1043.0,632.0,13792.0,3112.0
305,United States,2019,45,2019-09-11,55707.0,50771.0,782.0,11807.0,1689.0,2442.0,807.0,2716.0,876.0,1059.0,684.0,12643.0,2956.0
297,United States,2019,37,2019-09-14,51636.0,46795.0,713.0,11409.0,1545.0,2174.0,637.0,2659.0,727.0,853.0,569.0,11702.0,2801.0
298,United States,2019,38,2019-09-21,51760.0,46972.0,640.0,11276.0,1541.0,2193.0,691.0,2601.0,802.0,926.0,585.0,11707.0,2664.0
299,United States,2019,39,2019-09-28,52762.0,47899.0,750.0,11676.0,1599.0,2181.0,705.0,2667.0,800.0,943.0,651.0,11765.0,2835.0
292,United States,2019,32,2019-10-08,51749.0,46639.0,632.0,11336.0,1558.0,2121.0,689.0,2608.0,788.0,909.0,646.0,11610.0,2646.0
302,United States,2019,42,2019-10-19,54342.0,49503.0,723.0,11686.0,1622.0,2347.0,769.0,2757.0,831.0,971.0,649.0,12503.0,2861.0
303,United States,2019,43,2019-10-26,54052.0,49361.0,726.0,11644.0,1617.0,2405.0,758.0,2698.0,810.0,992.0,618.0,12380.0,2954.0
279,United States,2019,19,2019-11-05,53482.0,48720.0,728.0,11347.0,1677.0,2151.0,866.0,3117.0,829.0,954.0,580.0,12348.0,2777.0
306,United States,2019,46,2019-11-16,55893.0,51107.0,740.0,11636.0,1727.0,2497.0,864.0,2826.0,849.0,1036.0,664.0,12892.0,2982.0
307,United States,2019,47,2019-11-23,56200.0,51396.0,726.0,11641.0,1707.0,2494.0,805.0,2935.0,886.0,1025.0,679.0,12945.0,3180.0
308,United States,2019,48,2019-11-30,55471.0,50688.0,713.0,11316.0,1731.0,2541.0,823.0,2882.0,901.0,1028.0,674.0,12953.0,3006.0
262,United States,2019,2,2019-12-01,58363.0,53642.0,817.0,11864.0,1757.0,2450.0,1316.0,3611.0,934.0,1033.0,600.0,13600.0,3084.0
301,United States,2019,41,2019-12-10,53092.0,48205.0,750.0,11631.0,1534.0,2306.0,720.0,2654.0,804.0,945.0,646.0,11888.0,2813.0
310,United States,2019,50,2019-12-14,57665.0,52751.0,798.0,11571.0,1786.0,2656.0,1012.9999999999999,3132.0,898.0,1073.0,715.0,13143.0,3098.0
311,United States,2019,51,2019-12-21,57429.0,52657.0,757.0,11633.0,1782.0,2594.0,1047.0,3259.0,909.0,1062.0,780.0,13214.0,3178.0
312,United States,2019,52,2019-12-28,58466.0,53564.0,863.0,11472.0,1892.0,2576.0,1115.0,3346.0,951.0,1058.0,795.0,13784.0,3082.0
0,United States,2020,1,2020-01-04,60168.0,55018.0,846.0,11567.0,1828.0,2532.0,1560.0,3502.0,1066.0,1095.0,663.0,14194.0,3109.0
1,United States,2020,2,2020-01-11,60717.0,55733.0,866.0,11961.0,1941.0,2565.0,1530.0,3706.0,1035.0,1093.0,669.0,13905.0,3185.0
2,United States,2020,3,2020-01-18,59357.0,54521.0,830.0,11703.0,1819.0,2490.0,1486.0,3525.0,993.0,1123.0,646.0,13587.0,3257.0
3,United States,2020,4,2020-01-25,59148.0,54406.0,829.0,11880.0,1861.0,2516.0,1488.0,3397.0,978.0,1109.0,688.0,13602.0,3181.0
4,United States,2020,5,2020-02-01,58815.0,54004.0,812.0,11961.0,1827.0,2477.0,1418.0,3312.0,980.0,1072.0,656.0,13456.0,3080.0
5,United States,2020,6,2020-02-08,59451.0,54400.0,812.0,11707.0,1954.0,2512.0,1463.0,3412.0,973.0,1136.0,643.0,13990.0,3054.0
6,United States,2020,7,2020-02-15,58807.0,53969.0,799.0,11809.0,1842.0,2535.0,1515.0,3479.0,978.0,1070.0,650.0,13639.0,3084.0
7,United States,2020,8,2020-02-22,58883.0,53990.0,782.0,11780.0,1877.0,2515.0,1462.0,3452.0,967.0,1056.0,653.0,13622.0,3082.0
8,United States,2020,9,2020-02-29,59306.0,54301.0,819.0,11792.0,1829.0,2519.0,1507.0,3456.0,1010.0,1092.0,717.0,13699.0,3122.0
9,United States,2020,10,2020-03-07,59677.0,54386.0,812.0,11714.0,1859.0,2508.0,1609.0,3467.0,1004.0,1072.0,702.0,13674.0,3093.0
10,United States,2020,11,2020-03-14,58683.0,53547.0,759.0,11573.0,1741.0,2438.0,1638.0,3387.0,991.0,1077.0,701.0,13436.0,3163.0
11,United States,2020,12,2020-03-21,59195.0,54304.0,843.0,11740.0,1831.0,2511.0,1748.0,3382.0,1018.0,1104.0,672.0,13179.0,3063.0
12,United States,2020,13,2020-03-28,62991.0,58222.0,855.0,11781.0,2043.0000000000002,2746.0,1796.0,3517.0,1064.0,1030.0,684.0,13697.0,3062.0
13,United States,2020,14,2020-04-04,72277.0,67441.0,951.0,11595.0,2297.0,2868.0,1868.0,3537.0,1031.0,1036.0,762.0,14940.0,3162.0
14,United States,2020,15,2020-04-11,79071.0,74003.0,837.0,11554.0,2353.0,2961.0,1635.0,3447.0,1027.0,1123.0,724.0,15756.0,3190.0
15,United States,2020,16,2020-04-18,76793.0,71902.0,750.0,11201.0,2268.0,2901.0,1257.0,3193.0,929.0,1097.0,733.0,14579.0,3204.0
16,United States,2020,17,2020-04-25,73890.0,68761.0,740.0,11362.0,2084.0,2803.0,1156.0,2996.0,892.0,986.0,746.0,13869.0,3057.0
17,United States,2020,18,2020-05-02,69280.0,63958.0,744.0,11098.0,1930.0,2727.0,1016.0,2925.0,853.0,962.0,630.0,12997.0,3041.0
18,United States,2020,19,2020-05-09,66788.0,61181.0,722.0,11011.0,1968.0,2494.0,866.0,2802.0,864.0,939.0,668.0,13164.0,2850.0
19,United States,2020,20,2020-05-16,64464.0,59013.0,682.0,11268.0,1964.0,2431.0,865.0,2770.0,789.0,978.0,642.0,12736.0,2958.0
20,United States,2020,21,2020-05-23,61601.0,56030.0,716.0,11115.0,1833.0,2417.0,808.0,2679.0,750.0,921.0,656.0,12769.0,2822.0
21,United States,2020,22,2020-05-30,59650.0,54011.0,655.0,10905.0,1810.0,2262.0,758.0,2635.0,761.0,892.0,662.0,12443.0,2852.0
22,United States,2020,23,2020-06-06,58859.0,52953.0,734.0,11080.0,1722.0,2301.0,707.0,2562.0,779.0,905.0,647.0,12460.0,2789.0
23,United States,2020,24,2020-06-13,58001.0,52310.0,693.0,11130.0,1739.0,2327.0,701.0,2502.0,737.0,926.0,685.0,12397.0,2839.0
24,United States,2020,25,2020-06-20,57963.0,52249.0,685.0,11154.0,1787.0,2359.0,755.0,2561.0,765.0,932.0,732.0,12383.0,2920.0
25,United States,2020,26,2020-06-27,58473.0,52674.0,723.0,11357.0,1766.0,2286.0,727.0,2537.0,774.0,952.0,679.0,12507.0,2954.0
26,United States,2020,27,2020-07-04,59773.0,53825.0,687.0,11298.0,1926.0,2352.0,659.0,2622.0,781.0,985.0,719.0,12843.0,2828.0
27,United States,2020,28,2020-07-11,61890.0,55899.0,766.0,11322.0,1949.0,2466.0,739.0,2612.0,753.0,919.0,820.0,13003.0,2919.0
28,United States,2020,29,2020-07-18,63136.0,57226.0,714.0,11372.0,1886.0,2497.0,768.0,2646.0,711.0,987.0,837.0,12856.0,2982.0
29,United States,2020,30,2020-07-25,64190.0,58448.0,692.0,11554.0,1954.0,2508.0,785.0,2558.0,730.0,968.0,836.0,12913.0,2909.0
30,United States,2020,31,2020-08-01,64164.0,58337.0,694.0,11509.0,1983.0,2496.0,761.0,2730.0,781.0,961.0,826.0,12792.0,2987.0
31,United States,2020,32,2020-08-08,63687.0,57933.0,790.0,11527.0,1794.0,2434.0,777.0,2590.0,729.0,914.0,878.0,12796.0,3032.0
32,United States,2020,33,2020-08-15,63584.0,57843.0,740.0,11696.0,1889.0,2523.0,759.0,2655.0,798.0,970.0,859.0,12819.0,2947.0
33,United States,2020,34,2020-08-22,62498.0,56709.0,740.0,11510.0,1931.0,2564.0,698.0,2640.0,783.0,968.0,835.0,12732.0,2929.0
34,United States,2020,35,2020-08-29,61022.0,55410.0,727.0,11572.0,1877.0,2427.0,681.0,2559.0,745.0,984.0,830.0,12446.0,2982.0
35,United States,2020,36,2020-09-05,60154.0,54338.0,708.0,11367.0,1832.0,2502.0,734.0,2544.0,798.0,926.0,807.0,12470.0,2862.0
36,United States,2020,37,2020-09-12,59556.0,54024.0,700.0,11456.0,1887.0,2326.0,682.0,2556.0,746.0,926.0,853.0,12311.0,3043.0
37,United States,2020,38,2020-09-19,59623.0,54207.0,751.0,11617.0,1850.0,2370.0,718.0,2514.0,782.0,922.0,869.0,12638.0,2945.0
38,United States,2020,39,2020-09-26,60517.0,55168.0,765.0,11854.0,1833.0,2492.0,727.0,2668.0,790.0,925.0,859.0,12667.0,3070.0
39,United States,2020,40,2020-10-03,59596.0,54133.0,722.0,11391.0,1884.0,2409.0,763.0,2571.0,717.0,940.0,948.0,12577.0,2869.0
40,United States,2020,41,2020-10-10,61441.0,55862.0,762.0,11763.0,1886.0,2506.0,719.0,2601.0,796.0,957.0,970.0,12704.0,3102.0
41,United States,2020,42,2020-10-17,60055.0,54914.0,770.0,11227.0,1808.0,2516.0,725.0,2572.0,812.0,1014.0,970.0,12416.0,3003.0
42,United States,2020,43,2020-10-24,61558.0,56567.0,729.0,11576.0,1808.0,2552.0,767.0,2667.0,785.0,934.0,985.0,12695.0,3037.0
43,United States,2020,44,2020-10-31,62812.0,57811.0,695.0,11432.0,1908.0,2439.0,796.0,2544.0,821.0,923.0,1004.0,12989.0,3070.0
44,United States,2020,45,2020-11-07,66563.0,61218.0,759.0,11646.0,1925.0,2620.0,799.0,2851.0,803.0,1018.0,1199.0,13415.0,3113.0
45,United States,2020,46,2020-11-14,67789.0,62683.0,780.0,11543.0,1990.0,2696.0,841.0,2707.0,847.0,1016.0,1129.0,13219.0,3130.0
46,United States,2020,47,2020-11-21,70231.0,65370.00000000001,803.0,11420.0,2061.0,2611.0,826.0,2771.0,846.0,1008.0,1285.0,13258.0,3117.0
47,United States,2020,48,2020-11-28,71755.0,66976.0,756.0,11140.0,2097.0,2718.0,802.0,2688.0,837.0,1020.9999999999999,1349.0,13165.0,3057.0
48,United States,2020,49,2020-12-05,75257.0,70557.0,823.0,11025.0,2111.0,2771.0,897.0,2751.0,885.0,999.0,1471.0,13824.0,3206.0
49,United States,2020,50,2020-12-12,79255.0,74576.0,788.0,11507.0,2182.0,2855.0,918.0,2920.0,948.0,1053.0,1714.0,13913.0,3350.0
50,United States,2020,51,2020-12-19,79870.0,75411.0,792.0,11396.0,2228.0,2945.0,925.0,2821.0,878.0,974.0,1759.0,14091.0,3326.0
51,United States,2020,52,2020-12-26,80887.0,76334.0,829.0,11250.0,2211.0,2890.0,936.0,2735.0,890.0,1070.0,1897.0,14048.0,3258.0
52,United States,2020,53,2021-01-02,82995.0,78404.0,848.0,11184.0,2282.0,2946.0,984.0,2904.0,871.0,1057.0,2120.0,14370.0,3333.0
53,United States,2021,1,2021-01-09,82261.0,78108.0,813.0,10774.0,2198.0,2822.0,978.0,2795.0,889.0,1099.0,2386.0,13987.0,3201.0
54,United States,2021,2,2021-01-16,81662.0,77737.0,764.0,11221.0,2229.0,2815.0,953.0,2727.0,904.0,1147.0,2585.0,13698.0,3325.0
55,United States,2021,3,2021-01-23,77504.0,73826.0,762.0,10879.0,1961.0,2743.0,884.0,2608.0,845.0,1102.0,2613.0,13274.0,3229.0
56,United States,2021,4,2021-01-30,73122.0,69579.0,724.0,10937.0,1932.0,2479.0,863.0,2567.0,886.0,1062.0,2683.0,12813.0,3080.0
57,United States,2021,5,2021-02-06,69722.0,66332.0,737.0,10734.0,1805.0,2393.0,782.0,2635.0,862.0,1042.0,3050.0,12784.0,3060.0
58,United States,2021,6,2021-02-13,63465.0,60542.0,730.0,10458.0,1740.0,2212.0,764.0,2353.0,817.0,990.0,3113.0,11972.0,3034.0
59,United States,2021,7,2021-02-20,58990.0,56491.0,692.0,9993.0,1806.0,2198.0,742.0,2333.0,750.0,902.0,3166.0,11709.0,2758.0
60,United States,2021,8,2021-02-27,50371.0,48447.0,630.0,8984.0,1398.0,2044.0,590.0,2063.0,679.0,818.0,3057.0,10039.0,2477.0
61,United States,2021,9,2021-03-06,39468.0,38313.0,465.0,7126.0,1110.0,1627.0,514.0,1692.0,519.0,679.0,2927.0,8034.000000000001,2028.0
62,United States,2021,10,2021-03-13,32722.0,31834.0,406.0,6306.0,904.0,1428.0,412.0,1496.0,477.0,521.0,2383.0,6802.0,1761.0
